accession	accession_version	strain	date	region	country	division	location	length	host	date_released	date_updated	sra_accessions	full_authors	authors	institution	url	clade	coverage	missing_data	divergence	nonACGTN	QC_overall	QC_missing_data	QC_mixed_sites	QC_rare_mutations	QC_snp_clusters	QC_frame_shifts	QC_stop_codons	frame_shifts	private_reversion_substitutions	private_labeled_substitutions	private_unlabeled_substitutions	private_total_reversion_substitutions	private_total_labeled_substitutions	private_total_unlabeled_substitutions	private_total_private_substitutions	private_snp_clusters	private_total_snp_clusters
KY861728	KY861728.1	BeAn754036 (PR4408)	2008-02-09	South America	Brazil	Caibate		11008	Alouatta	2017-05-15	2017-07-10		Bonaldo,M.C.,Gomez,M.M.,dos Santos,A.A.C.,Martins,L.C.,Azevedo,R.S.S.,Pinto da Silva,E.V.,Couto Lima,D.,Lourenco de Oliveira,R.,Vasconcelos,P.F.C.	Bonaldo et al.	Oswaldo Cruz Institute, FIOCRUZ, Laboratory of Molecular Biology of Flavivirus	https://www.ncbi.nlm.nih.gov/nuccore/KY861728	Clade VI	1	0	97	0	good	good	good	mediocre	good	good	good		A201G,T276C,A297T,G333A		C405T,T423C,T525C,A654G,G660A,G666A	4	0	6	10		0
MF170968	MF170968.1	3925	2017-04-13	South America	Brazil	Espirito Santo	Marechal Floriano	10236	Homo sapiens	2018-04-25	2018-04-25		Moreira-Soto,A.,Torres,M.C.,Lima de Mendonca,M.C.,Mares-Guia,M.A.,Dos Santos Rodrigues,C.D.,Fabri,A.A.,Dos Santos,C.C.,Machado Araujo,E.S.,Fischer,C.,Ribeiro Nogueira,R.M.,Drosten,C.,Sequeira,P.C.,Drexler,J.F.,Bispo de Filippis,A.M.,Torres,C.,Bispo de Filippis,A.	Moreira-Soto et al.	University of Bonn Medical Centre, Institute of Virology	https://www.ncbi.nlm.nih.gov/nuccore/MF170968	Clade VI	1	0	97	0	good	good	good	good	good	good	good		T276C,A297T		T525C,A528G,A654G,G660A,G666A	2	0	5	7		0
MF170969	MF170969.1	rj1930	2017-03-18	South America	Brazil	Espirito Santo	Casimiro de Abreu	10236	Homo sapiens	2018-04-25	2018-04-25		Moreira-Soto,A.,Torres,M.C.,Lima de Mendonca,M.C.,Mares-Guia,M.A.,Dos Santos Rodrigues,C.D.,Fabri,A.A.,Dos Santos,C.C.,Machado Araujo,E.S.,Fischer,C.,Ribeiro Nogueira,R.M.,Drosten,C.,Sequeira,P.C.,Drexler,J.F.,Bispo de Filippis,A.M.,Torres,C.,Bispo de Filippis,A.	Moreira-Soto et al.	University of Bonn Medical Centre, Institute of Virology	https://www.ncbi.nlm.nih.gov/nuccore/MF170969	Clade VI	1	0	97	0	good	good	good	good	good	good	good		T276C,A297T		T525C,A528G,A654G,G660A,G666A	2	0	5	7		0
MF370535	MF370535.1	PR5818-BeAn841176	2016-08-30	South America	Brazil			10897	Alouatta sp.	2018-10-01	2020-05-08		Cruz,A.C.R.,Rodrigues,S.G.,Martins,L.C.,Azevedo,R.S.S.,Silva,S.P.,Vasconcelos,P.F.C.	Cruz et al.	Evandro Chagas Intitute, Secao de Arbovirologia e Febres Hemorragicas	https://www.ncbi.nlm.nih.gov/nuccore/MF370535	Clade VI	1	0	97	0	good	good	good	good	good	good	good		T276C,A297T		T525C,A528G,A654G,G660A,G666A	2	0	5	7		0
MF370536	MF370536.1	PR5819-BeAn841178	2016-09-02	South America	Brazil			11007	Alouatta sp.	2018-10-01	2020-05-08		Cruz,A.C.R.,Rodrigues,S.G.,Martins,L.C.,Azevedo,R.S.S.,Silva,S.P.,Vasconcelos,P.F.C.	Cruz et al.	Evandro Chagas Intitute, Secao de Arbovirologia e Febres Hemorragicas	https://www.ncbi.nlm.nih.gov/nuccore/MF370536	Clade VI	1	0	97	0	good	good	good	good	good	good	good		T276C,A297T		T525C,A528G,A654G,G660A,G666A	2	0	5	7		0
MF443187	MF443187.1	JabSPM04	2016-12-11	South America	Brazil			1043	Alouatta caraya	2017-08-21	2017-08-21		Siconelli,M.J.L.,Esposito,D.L.A.,Morais,N.C.,Ribeiro,J.M.,Dias,M.A.,Perles,L.,Carvalho,A.A.B.,Werther,K.,Burger,K.P.,Fonseca,B.A.L.	Siconelli et al.	University of Sao Paulo, Internal Medicine	https://www.ncbi.nlm.nih.gov/nuccore/MF443187	Clade VI	0.7767857142857143	0	70	0	good	good	good	good	good	good	good		T276C,A297T			2	0	0	2		0
MH018100	MH018100.1	YFV/Human/Brazil/2003/M225	2003-03-15	South America	Brazil	Minas Gerais		10169	Homo sapiens	2018-05-05	2018-05-05		Faria,N.R.,Kraemer,M.U.G.,Hill,S.,de Jesus,J.G.,Aguiar,R.Sd.S.,Iani,F.C.M.,Xavier,J.,Quick,J.,Plessis,Ld.,Dellicour,S.,Theze,J.,Carvalho,R.D.O.,Baele,G.,Wu,C.-H.,Silveira,P.P.,Arruda,M.B.,Pereira,M.A.,Pereira,Gd.C.,Lourenco,J.,Obolski,U.,Abade,L.,Vasylyeva,T.,Giovanetti,M.,Li,D.,Weiss,D.J.,Wint,W.G.R.,Shearer,F.M.,Funk,S.,Nikolay,B.,Adelino,T.E.R.,Oliveira,M.A.A.,Silva,M.V.F.,Sacchetto,L.,Figueiredo,Pd.O.,Rezende,I.Md.M.,de Mello,E.M.,Said,R.Fd.C.F.,Santos,D.Ad.A.,Ferraz,M.L.,de Brito,M.G.,de Santana,L.F.,Menezes,M.T.,Brindeiro,R.M.,Tanuri,A.,dos Santos,F.C.P.,Cunha,M.S.,Nogueira,J.S.,Rocco,I.M.,da Costa,A.C.,Komninakis,S.C.V.,Azevedo,V.,Chieppe,A.O.,de Araujo,E.S.M.,de Mendonca,M.C.L.,dos Santos,C.C.,Rodrigues,C.Dd.S.D.,Guia,M.A.M.,Nogueira,R.M.R.,de Sequeira,P.C.,de Abreu,R.G.,Garcia,M.Hd.O.H.,de Abreu,A.L.,Okumoto,O.,Kroon,E.G.,de Albuquerque,C.F.C.,Lewandowski,K.,Pullan,S.T.,Carroll,M.,Sabino,E.C.,Souza,R.P.,Suchard,M.A.,Lemey,P.,Trindade,Gd.S.,Drumond,B.P.,de Filippis,A.M.B.,Loman,N.,Cauchemez,S.,Alcantara,L.C.J.,Pybus,O.G.,Hill,S.C.,Goes de Jesus,J.,Aguiar,R.S.,du Plessis,L.,Trindade,G.S.,Mello,E.M.,Figueiredo,P.O.,Rezende,I.M.,Nikolai,B.,Wint,G.R.W.,Yi,D.,Abreu,A.L.,Abreu,R.G.,da Cruz,L.N.,Pereira,G.C.,Said,R.F.C.,Santos,D.A.,Brito,M.G.,Santana,L.F.,Garcia,M.H.O.,Souza,R.,Bispo,A.,Loman,N.J.	Faria et al.	University of Oxford, Zoology	https://www.ncbi.nlm.nih.gov/nuccore/MH018100	Clade VI	0.9970238095238095	2	97	0	good	good	good	good	good	good	good				A654G,G660A,G666A	0	0	3	3		0
MH030049	MH030049.1	YFV/Monkey/Brazil/2017/Y1	2017-08-17	South America	Brazil	Sao Paulo	Vinhedo	10169	Callithrix sp.	2020-01-01	2020-01-01		Souza,R.P.,Hill,S.C.,Theze,J.,Claro,I.,Santos,F.C.P.,Cunha,M.S.,Aguiar,R.S.,Silveira,P.P.,Nogueira,J.S.,Salles,F.C.S.,Rocco,I.M.,Maeda,A.Y.,Vasami,F.G.S.,Quick,J.,Loman,N.,Pybus,O.G.,Macedo,F.L.L.,Timenetsky,M.C.S.T.,Alcantara,L.C.J.,Sabino,E.C.,Faria,N.R.	Souza et al.	University of Oxford, Zoology	https://www.ncbi.nlm.nih.gov/nuccore/MH030049	Clade VI	1	0	97	0	good	good	good	good	good	good	good		T276C,A297T		T525C,A528G,A654G,G660A,G666A	2	0	5	7		0
MH030053	MH030053.1	YFV/Monkey/Brazil/2017/Y5	2017-08-30	South America	Brazil	Sao Paulo	Itatiba	10169	Alouatta sp.	2020-01-01	2020-01-01		Souza,R.P.,Hill,S.C.,Theze,J.,Claro,I.,Santos,F.C.P.,Cunha,M.S.,Aguiar,R.S.,Silveira,P.P.,Nogueira,J.S.,Salles,F.C.S.,Rocco,I.M.,Maeda,A.Y.,Vasami,F.G.S.,Quick,J.,Loman,N.,Pybus,O.G.,Macedo,F.L.L.,Timenetsky,M.C.S.T.,Alcantara,L.C.J.,Sabino,E.C.,Faria,N.R.	Souza et al.	University of Oxford, Zoology	https://www.ncbi.nlm.nih.gov/nuccore/MH030053	Clade VI	1	0	97	0	good	good	good	good	good	good	good		T276C,A297T		T525C,A528G,A654G,G660A,G666A	2	0	5	7		0
MH030054	MH030054.1	YFV/Monkey/Brazil/2017/Y6	2017-09-15	South America	Brazil	Sao Paulo	Jundiai	10169	Alouatta sp.	2020-01-01	2020-01-01		Souza,R.P.,Hill,S.C.,Theze,J.,Claro,I.,Santos,F.C.P.,Cunha,M.S.,Aguiar,R.S.,Silveira,P.P.,Nogueira,J.S.,Salles,F.C.S.,Rocco,I.M.,Maeda,A.Y.,Vasami,F.G.S.,Quick,J.,Loman,N.,Pybus,O.G.,Macedo,F.L.L.,Timenetsky,M.C.S.T.,Alcantara,L.C.J.,Sabino,E.C.,Faria,N.R.	Souza et al.	University of Oxford, Zoology	https://www.ncbi.nlm.nih.gov/nuccore/MH030054	Clade VI	1	0	97	0	good	good	good	good	good	good	good		T276C,A297T		T525C,A528G,A654G,G660A,G666A	2	0	5	7		0
MH030061	MH030061.1	YFV/Monkey/Brazil/2017/Y13	2017-09-21	South America	Brazil	Sao Paulo	Itatiba	10169	Alouatta sp.	2020-01-01	2020-01-01		Souza,R.P.,Hill,S.C.,Theze,J.,Claro,I.,Santos,F.C.P.,Cunha,M.S.,Aguiar,R.S.,Silveira,P.P.,Nogueira,J.S.,Salles,F.C.S.,Rocco,I.M.,Maeda,A.Y.,Vasami,F.G.S.,Quick,J.,Loman,N.,Pybus,O.G.,Macedo,F.L.L.,Timenetsky,M.C.S.T.,Alcantara,L.C.J.,Sabino,E.C.,Faria,N.R.	Souza et al.	University of Oxford, Zoology	https://www.ncbi.nlm.nih.gov/nuccore/MH030061	Clade VI	1	0	97	0	good	good	good	good	good	good	good		T276C,A297T		T525C,A528G,A654G,G660A,G666A	2	0	5	7		0
MH113854	MH113854.1	RO_1/2018	2018-02-24	South America	Brazil			299	Homo sapiens	2019-10-01	2019-10-01		Florescu,S.A.,Cotar,A.I.,Ceianu,C.S.,Zaharia,M.,Badescu,D.,Ceausu,E.,Calistru,P.,Popescu,C.P.	Florescu et al.	National Institute for Research and Development Cantacuzino, Reference Laboratories for Microbiology; Laboratory for Vector-borne Infections	https://www.ncbi.nlm.nih.gov/nuccore/MH113854	Clade VI	0.44494047619047616	0	41	0	good	good	good	good	good	good	good				T525C,A528G	0	0	2	2		0
MK060080	MK060080.1	FV S79	1979-10-30	Africa	Senegal			10195	Homo sapiens	2019-05-25	2019-05-25		Amraoui,F.,Pain,A.,Piorkowski,G.,Vazeille,M.,Couto-Lima,D.,de Lamballerie,X.,Lourenco-de-Oliveira,R.,Failloux,A.B.	Amraoui et al.	Institut Pasteur, Virology	https://www.ncbi.nlm.nih.gov/nuccore/MK060080	Clade V	1	0	20	0	mediocre	good	good	good	mediocre	good	good		C39T,A471G,T581C,A631G,A666G		T621C,A654G	5	0	2	7	621-665:4	4
MK333804	MK333804.1	GO27	2015-08-17	South America	Brazil	Novo Brasil - Go		11007	Sapajus libidinosus	2019-06-26	2019-06-26		Delatorre,E.,de Abreu,F.V.S.,Ribeiro,I.P.,Gomez,M.M.,Dos Santos,A.A.C.,Ferreira-de-Brito,A.,Neves,M.S.A.S.,Bonelly,I.,de Miranda,R.M.,Furtado,N.D.,Raphael,L.M.S.,da Silva,L.F.F.,de Castro,M.G.,Ramos,D.G.,Romano,A.P.M.,Kallas,E.G.,Vicente,A.C.P.,Bello,G.,Lourenco-de-Oliveira,R.,Bonaldo,M.C.,Pereira Ribeiro,I.,Cunha dos Santos,A.A.	Delatorre et al.	Oswaldo Cruz Institute, FIOCRUZ, Laboratory of Molecular Biology of Flavivirus	https://www.ncbi.nlm.nih.gov/nuccore/MK333804	Clade VI	1	0	97	0	good	good	good	good	good	good	good		T276C,A297T		T525C,A528G,A654G,G660A,G666A	2	0	5	7		0
MN506278	MN506278.1	MR 1358	2017-05-07	South America	Brazil	Marica-Rj		11007		2021-07-22	2021-07-22		Abreu,F.V.S.,Ribeiro,I.P.,Ferreira-de-Brito,A.,Santos,A.A.C.D.,Miranda,R.M.,Bonelly,I.S.,Neves,M.S.A.S.,Bersot,M.I.,Santos,T.P.D.,Gomes,M.Q.,Silva,J.L.D.,Romano,A.P.M.,Carvalho,R.G.,Said,R.F.D.C.,Ribeiro,M.S.,Laperriere,R.D.C.,Fonseca,E.O.L.,Falqueto,A.,Paupy,C.,Failloux,A.B.,Moutailler,S.,Castro,M.G.,Gomez,M.M.,Motta,M.A.,Bonaldo,M.C.,Lourenco-de-Oliveira,R.,dos Santos,A.A.C.	Abreu et al.	Fundacao Oswaldo Cruz, Laboratorio de Biologia Molecular de Flavivirus	https://www.ncbi.nlm.nih.gov/nuccore/MN506278	Clade VI	1	0	97	0	good	good	good	good	good	good	good		T276C,A297T		T525C,A528G,A654G,G660A,G666A	2	0	5	7		0
MW158340	MW158340.1	BeAn142027/TVP21798	1968-06-06	South America	Brazil			10780	Saguinus midas	2021-07-27	2021-07-27		Queiroz,A.L.N.,Barros,R.S.,Silva,S.P.,Rodrigues,D.S.G.,Cruz,A.C.R.,Dos Santos,F.B.,Vasconcelos,P.F.C.,Tesh,R.B.,Nunes,B.T.D.,Medeiros,D.B.A.,Tesh,R.	Queiroz et al.	Evandro Chagas Institute, Department of Arbovirology and Hemorrhagic Fevers	https://www.ncbi.nlm.nih.gov/nuccore/MW158340	Clade VI	1	0	92	0	good	good	good	good	mediocre	good	good		T647G		A639G,A654G,G666A	1	0	3	4	639-665:4	4
MW158343	MW158343.1	BeAr233436/TVP21802	1973-02-16	South America	Brazil			10667	Haemagogus	2021-07-27	2021-07-27		Queiroz,A.L.N.,Barros,R.S.,Silva,S.P.,Rodrigues,D.S.G.,Cruz,A.C.R.,Dos Santos,F.B.,Vasconcelos,P.F.C.,Tesh,R.B.,Nunes,B.T.D.,Medeiros,D.B.A.,Tesh,R.	Queiroz et al.	Evandro Chagas Institute, Department of Arbovirology and Hemorrhagic Fevers	https://www.ncbi.nlm.nih.gov/nuccore/MW158343	Clade VI	1	0	99	0	good	good	good	good	good	good	good				A654G,G660A,G666A	0	0	3	3		0
MW158360	MW158360.1	MIS1034/TVP21820	2011-03-XX	South America	Peru			10845	Homo sapiens	2021-07-27	2021-07-27		Queiroz,A.L.N.,Barros,R.S.,Silva,S.P.,Rodrigues,D.S.G.,Cruz,A.C.R.,Dos Santos,F.B.,Vasconcelos,P.F.C.,Tesh,R.B.,Nunes,B.T.D.,Medeiros,D.B.A.,Tesh,R.	Queiroz et al.	Evandro Chagas Institute, Department of Arbovirology and Hemorrhagic Fevers	https://www.ncbi.nlm.nih.gov/nuccore/MW158360	Clade V	1	0	4	0	good	good	good	good	good	good	good				C214T,A243G,G487A,C500T	0	0	4	4		0
MW158362	MW158362.1	OBS5026/TVP17399	1997-07-XX	South America	Ecuador			10735	Homo sapiens	2021-07-27	2021-07-27		Queiroz,A.L.N.,Barros,R.S.,Silva,S.P.,Rodrigues,D.S.G.,Cruz,A.C.R.,Dos Santos,F.B.,Vasconcelos,P.F.C.,Tesh,R.B.,Nunes,B.T.D.,Medeiros,D.B.A.,Tesh,R.	Queiroz et al.	Evandro Chagas Institute, Department of Arbovirology and Hemorrhagic Fevers	https://www.ncbi.nlm.nih.gov/nuccore/MW158362	Clade V	1	0	3	0	good	good	good	good	good	good	good				A3G,C214T,G487A	0	0	3	3		0
NC_002031	NC_002031.1	17D vaccine strain	XXXX-XX-XX					10862		1986-11-18	2019-05-23		Rice,C.M.,Lenches,E.M.,Eddy,S.R.,Shin,S.J.,Sheets,R.L.,Strauss,J.H.	Rice et al.	National Center for Biotechnology Information, NIH	https://www.ncbi.nlm.nih.gov/nuccore/NC_002031	Clade V	1	0	4	0	good	good	good	good	good	good	good				C214T,A243G,G487A,C500T	0	0	4	4		0
OL519588	OL519588.1	MG66-S	2021-08-25	South America	Brazil			10172	Alouatta caraya	2022-11-06	2022-11-06		Andrade,M.S.,Campos,F.S.,Oliveira,C.H.,Oliveira,R.S.,Campos,A.,Almeida,M.,Simonini-Teixeira,D.,Seva,A.,Temponi,A.O.,Magalhaes,F.M.,Chaves,D.C.C.,Pereira,M.A.,Lamounier,L.O.,Menezes,G.G.,Teixeira,S.M.A.,Santos,M.E.G.,Bernal-Valle,S.,Muller,N.,Cardoso,J.C.,Santos,E.,Mares-Guia,M.,Albuquerque,G.R.,Romano,A.P.M.,Franco,A.C.,Ribeiro,B.M.,Roehe,P.M.,Abreu,F.V.S.	Andrade et al.	University of Brasilia, Cell Biology	https://www.ncbi.nlm.nih.gov/nuccore/OL519588	Clade VI	1	0	97	0	good	good	good	mediocre	good	good	good		C183T,T276C,A297T		A159G,T525C,A528G,A654G,G660A,G666A	3	0	6	9		0
OM066735	OM066735.1	VHF-21-014/GHA/Damongo/2021	2021-10-26	Africa	Ghana	Damongo		10478	Homo sapiens	2022-01-27	2022-01-27		Bonney,J.H.K.,Sanders,T.,Pratt,D.,Agbodzi,B.,Laryea,D.,Kumordjie,S.,Attiku,K.,Mawuli,G.,Yeboah,C.,Odoom,J.,Kubio,C.,Asiedu-Bekoe,F.	Bonney et al.	University of Ghana Noguchi Memorial Institute for Medical Research, Virology Department	https://www.ncbi.nlm.nih.gov/nuccore/OM066735	Clade V	0.9672619047619048	22	25	0	mediocre	mediocre	good	mediocre	good	good	good				C21T,T54C,G144A,A174G,A250G,T264C,T351C,T432C,C600T	0	0	9	9		0
ON022269	ON022269.1	7922/2017	2017-11-28	South America	Brazil	Rj	Nova Iguacu [Ibge7 3303500]	10169	Alouatta	2022-08-28	2022-08-28		Hill,S.C.,Dellicour,S.,Claro,I.M.,Sequeira,P.,Adelino,T.,Theze,J.,Wu,C.-H.,Rebello Moreira,F.R.,Giovanetti,M.,Li,S.,de Jesus,J.G.,Colon-Gonzalez,F.,Chamberlain,H.R.,Pannell,O.,Tejedor-Garavito,N.,Bruycker-Nogueira,F.,Fabri,A.A.,Xavier,J.,Zarebski,A.E.,Hamlet,A.,Mureb Sallum,M.A.,da Costa,A.C.,Manuli,E.,Levin,A.S.,Mucci,L.F.,Tubaki,R.M.,Tironi de Menezes,R.M.,Telles de Deus,J.,Spinola,R.,Saad,L.,Kallas,E.G.,Wint,G.W.,Peixoto,P.S.,de Souza Santo,A.,Messina,J.P.,Brady,O.J.,Tatem,A.,Suchard,M.A.,Mendez-Rico,J.,Abreu,A.,Alcantara,L.C.J.,Santana Aguiar,R.,Pybus,O.G.,Baele,G.,Lemey,P.,Iani,F.,Cunha,M.S.,Bispo de Filippis,A.M.,Sabino,E.C.,Faria,N.R.	Hill et al.	Royal Veterinary College, Pathobiology and Population Sciences	https://www.ncbi.nlm.nih.gov/nuccore/ON022269	Clade VI	1	0	97	0	good	good	good	good	good	good	good		T276C,A297T		T525C,A528G,A654G,G660A,G666A	2	0	5	7		0
ON022287	ON022287.1	4393	2018-07-20	South America	Brazil	São Paulo	Caraguatatuba [Ibge7 3510500]	10172	Alouatta	2022-08-28	2022-08-28		Hill,S.C.,Dellicour,S.,Claro,I.M.,Sequeira,P.,Adelino,T.,Theze,J.,Wu,C.-H.,Rebello Moreira,F.R.,Giovanetti,M.,Li,S.,de Jesus,J.G.,Colon-Gonzalez,F.,Chamberlain,H.R.,Pannell,O.,Tejedor-Garavito,N.,Bruycker-Nogueira,F.,Fabri,A.A.,Xavier,J.,Zarebski,A.E.,Hamlet,A.,Mureb Sallum,M.A.,da Costa,A.C.,Manuli,E.,Levin,A.S.,Mucci,L.F.,Tubaki,R.M.,Tironi de Menezes,R.M.,Telles de Deus,J.,Spinola,R.,Saad,L.,Kallas,E.G.,Wint,G.W.,Peixoto,P.S.,de Souza Santo,A.,Messina,J.P.,Brady,O.J.,Tatem,A.,Suchard,M.A.,Mendez-Rico,J.,Abreu,A.,Alcantara,L.C.J.,Santana Aguiar,R.,Pybus,O.G.,Baele,G.,Lemey,P.,Iani,F.,Cunha,M.S.,Bispo de Filippis,A.M.,Sabino,E.C.,Faria,N.R.	Hill et al.	Royal Veterinary College, Pathobiology and Population Sciences	https://www.ncbi.nlm.nih.gov/nuccore/ON022287	Clade VI	1	0	97	0	good	good	good	good	good	good	good		T276C,A297T		T525C,A528G,A654G,G660A,G666A	2	0	5	7		0
ON022292	ON022292.1	3551	2018-03-20	South America	Brazil	São Paulo	Itapetininga [Ibge7 3522307]	10172	Primates	2022-08-28	2022-08-28		Hill,S.C.,Dellicour,S.,Claro,I.M.,Sequeira,P.,Adelino,T.,Theze,J.,Wu,C.-H.,Rebello Moreira,F.R.,Giovanetti,M.,Li,S.,de Jesus,J.G.,Colon-Gonzalez,F.,Chamberlain,H.R.,Pannell,O.,Tejedor-Garavito,N.,Bruycker-Nogueira,F.,Fabri,A.A.,Xavier,J.,Zarebski,A.E.,Hamlet,A.,Mureb Sallum,M.A.,da Costa,A.C.,Manuli,E.,Levin,A.S.,Mucci,L.F.,Tubaki,R.M.,Tironi de Menezes,R.M.,Telles de Deus,J.,Spinola,R.,Saad,L.,Kallas,E.G.,Wint,G.W.,Peixoto,P.S.,de Souza Santo,A.,Messina,J.P.,Brady,O.J.,Tatem,A.,Suchard,M.A.,Mendez-Rico,J.,Abreu,A.,Alcantara,L.C.J.,Santana Aguiar,R.,Pybus,O.G.,Baele,G.,Lemey,P.,Iani,F.,Cunha,M.S.,Bispo de Filippis,A.M.,Sabino,E.C.,Faria,N.R.	Hill et al.	Royal Veterinary College, Pathobiology and Population Sciences	https://www.ncbi.nlm.nih.gov/nuccore/ON022292	Clade VI	1	0	96	0	mediocre	good	good	mediocre	mediocre	good	good		T276C,A297T,T652C		T525C,A528G,A654G,G660A,G666A	3	0	5	8	652-665:4	4
ON022294	ON022294.1	3521	2018-05-28	South America	Brazil	São Paulo	Jacarei [Ibge7 3524402]	10172	Haemagogus leucocelaenus	2022-08-28	2022-08-28		Hill,S.C.,Dellicour,S.,Claro,I.M.,Sequeira,P.,Adelino,T.,Theze,J.,Wu,C.-H.,Rebello Moreira,F.R.,Giovanetti,M.,Li,S.,de Jesus,J.G.,Colon-Gonzalez,F.,Chamberlain,H.R.,Pannell,O.,Tejedor-Garavito,N.,Bruycker-Nogueira,F.,Fabri,A.A.,Xavier,J.,Zarebski,A.E.,Hamlet,A.,Mureb Sallum,M.A.,da Costa,A.C.,Manuli,E.,Levin,A.S.,Mucci,L.F.,Tubaki,R.M.,Tironi de Menezes,R.M.,Telles de Deus,J.,Spinola,R.,Saad,L.,Kallas,E.G.,Wint,G.W.,Peixoto,P.S.,de Souza Santo,A.,Messina,J.P.,Brady,O.J.,Tatem,A.,Suchard,M.A.,Mendez-Rico,J.,Abreu,A.,Alcantara,L.C.J.,Santana Aguiar,R.,Pybus,O.G.,Baele,G.,Lemey,P.,Iani,F.,Cunha,M.S.,Bispo de Filippis,A.M.,Sabino,E.C.,Faria,N.R.	Hill et al.	Royal Veterinary College, Pathobiology and Population Sciences	https://www.ncbi.nlm.nih.gov/nuccore/ON022294	Clade VI	1	0	97	0	good	good	good	good	good	good	good		T276C,A297T		T525C,A528G,A654G,G660A,G666A	2	0	5	7		0
ON022311	ON022311.1	IAL-14	2016-12-19	South America	Brazil	São Paulo	Tabapua [Ibge7 3552601]	10228	Primates	2022-08-28	2022-08-28		Hill,S.C.,Dellicour,S.,Claro,I.M.,Sequeira,P.,Adelino,T.,Theze,J.,Wu,C.-H.,Rebello Moreira,F.R.,Giovanetti,M.,Li,S.,de Jesus,J.G.,Colon-Gonzalez,F.,Chamberlain,H.R.,Pannell,O.,Tejedor-Garavito,N.,Bruycker-Nogueira,F.,Fabri,A.A.,Xavier,J.,Zarebski,A.E.,Hamlet,A.,Mureb Sallum,M.A.,da Costa,A.C.,Manuli,E.,Levin,A.S.,Mucci,L.F.,Tubaki,R.M.,Tironi de Menezes,R.M.,Telles de Deus,J.,Spinola,R.,Saad,L.,Kallas,E.G.,Wint,G.W.,Peixoto,P.S.,de Souza Santo,A.,Messina,J.P.,Brady,O.J.,Tatem,A.,Suchard,M.A.,Mendez-Rico,J.,Abreu,A.,Alcantara,L.C.J.,Santana Aguiar,R.,Pybus,O.G.,Baele,G.,Lemey,P.,Iani,F.,Cunha,M.S.,Bispo de Filippis,A.M.,Sabino,E.C.,Faria,N.R.	Hill et al.	Royal Veterinary College, Pathobiology and Population Sciences	https://www.ncbi.nlm.nih.gov/nuccore/ON022311	Clade VI	1	0	98	0	good	good	good	mediocre	good	good	good		T276C,A297T		C193T,T525C,A528G,A654G,G660A,G666A	2	0	6	8		0
ON022524	ON022524.1	0712/2017	2017-01-30	South America	Brazil	Espirito Santo	Laranja Da Terra [Ibge7 3203163]	10172	Homo sapiens	2022-08-28	2022-08-28		Hill,S.C.,Dellicour,S.,Claro,I.M.,Sequeira,P.,Adelino,T.,Theze,J.,Wu,C.-H.,Rebello Moreira,F.R.,Giovanetti,M.,Li,S.,de Jesus,J.G.,Colon-Gonzalez,F.,Chamberlain,H.R.,Pannell,O.,Tejedor-Garavito,N.,Bruycker-Nogueira,F.,Fabri,A.A.,Xavier,J.,Zarebski,A.E.,Hamlet,A.,Mureb Sallum,M.A.,da Costa,A.C.,Manuli,E.,Levin,A.S.,Mucci,L.F.,Tubaki,R.M.,Tironi de Menezes,R.M.,Telles de Deus,J.,Spinola,R.,Saad,L.,Kallas,E.G.,Wint,G.W.,Peixoto,P.S.,de Souza Santo,A.,Messina,J.P.,Brady,O.J.,Tatem,A.,Suchard,M.A.,Mendez-Rico,J.,Abreu,A.,Alcantara,L.C.J.,Santana Aguiar,R.,Pybus,O.G.,Baele,G.,Lemey,P.,Iani,F.,Cunha,M.S.,Bispo de Filippis,A.M.,Sabino,E.C.,Faria,N.R.	Hill et al.	Royal Veterinary College, Pathobiology and Population Sciences	https://www.ncbi.nlm.nih.gov/nuccore/ON022524	Clade VI	1	0	97	0	good	good	good	good	good	good	good		T276C,A297T		T525C,A528G,A654G,G660A,G666A	2	0	5	7		0
ON022563	ON022563.1	CP24	2019-01-20	South America	Brazil	São Paulo	Iporanga [Ibge7 3521200]	10172	Homo sapiens	2022-08-28	2022-08-28		Hill,S.C.,Dellicour,S.,Claro,I.M.,Sequeira,P.,Adelino,T.,Theze,J.,Wu,C.-H.,Rebello Moreira,F.R.,Giovanetti,M.,Li,S.,de Jesus,J.G.,Colon-Gonzalez,F.,Chamberlain,H.R.,Pannell,O.,Tejedor-Garavito,N.,Bruycker-Nogueira,F.,Fabri,A.A.,Xavier,J.,Zarebski,A.E.,Hamlet,A.,Mureb Sallum,M.A.,da Costa,A.C.,Manuli,E.,Levin,A.S.,Mucci,L.F.,Tubaki,R.M.,Tironi de Menezes,R.M.,Telles de Deus,J.,Spinola,R.,Saad,L.,Kallas,E.G.,Wint,G.W.,Peixoto,P.S.,de Souza Santo,A.,Messina,J.P.,Brady,O.J.,Tatem,A.,Suchard,M.A.,Mendez-Rico,J.,Abreu,A.,Alcantara,L.C.J.,Santana Aguiar,R.,Pybus,O.G.,Baele,G.,Lemey,P.,Iani,F.,Cunha,M.S.,Bispo de Filippis,A.M.,Sabino,E.C.,Faria,N.R.	Hill et al.	Royal Veterinary College, Pathobiology and Population Sciences	https://www.ncbi.nlm.nih.gov/nuccore/ON022563	Clade VI	1	0	97	0	good	good	good	good	good	good	good		T276C,A297T		T525C,A528G,A654G,G660A,G666A	2	0	5	7		0
ON022577	ON022577.1	PNH4179/1	2018-06-08	South America	Brazil	São Paulo	Sao Paulo [Ibge7 3550308]	10172	Alouatta	2022-08-28	2022-08-28		Hill,S.C.,Dellicour,S.,Claro,I.M.,Sequeira,P.,Adelino,T.,Theze,J.,Wu,C.-H.,Rebello Moreira,F.R.,Giovanetti,M.,Li,S.,de Jesus,J.G.,Colon-Gonzalez,F.,Chamberlain,H.R.,Pannell,O.,Tejedor-Garavito,N.,Bruycker-Nogueira,F.,Fabri,A.A.,Xavier,J.,Zarebski,A.E.,Hamlet,A.,Mureb Sallum,M.A.,da Costa,A.C.,Manuli,E.,Levin,A.S.,Mucci,L.F.,Tubaki,R.M.,Tironi de Menezes,R.M.,Telles de Deus,J.,Spinola,R.,Saad,L.,Kallas,E.G.,Wint,G.W.,Peixoto,P.S.,de Souza Santo,A.,Messina,J.P.,Brady,O.J.,Tatem,A.,Suchard,M.A.,Mendez-Rico,J.,Abreu,A.,Alcantara,L.C.J.,Santana Aguiar,R.,Pybus,O.G.,Baele,G.,Lemey,P.,Iani,F.,Cunha,M.S.,Bispo de Filippis,A.M.,Sabino,E.C.,Faria,N.R.	Hill et al.	Royal Veterinary College, Pathobiology and Population Sciences	https://www.ncbi.nlm.nih.gov/nuccore/ON022577	Clade VI	1	0	97	0	good	good	good	good	good	good	good		T276C,A297T		T525C,A528G,A654G,G660A,G666A	2	0	5	7		0
ON022635	ON022635.1	PNH1830	2017-07-20	South America	Brazil	São Paulo	Louveira [Ibge7 3527306]	10172	Primates	2022-08-28	2022-08-28		Hill,S.C.,Dellicour,S.,Claro,I.M.,Sequeira,P.,Adelino,T.,Theze,J.,Wu,C.-H.,Rebello Moreira,F.R.,Giovanetti,M.,Li,S.,de Jesus,J.G.,Colon-Gonzalez,F.,Chamberlain,H.R.,Pannell,O.,Tejedor-Garavito,N.,Bruycker-Nogueira,F.,Fabri,A.A.,Xavier,J.,Zarebski,A.E.,Hamlet,A.,Mureb Sallum,M.A.,da Costa,A.C.,Manuli,E.,Levin,A.S.,Mucci,L.F.,Tubaki,R.M.,Tironi de Menezes,R.M.,Telles de Deus,J.,Spinola,R.,Saad,L.,Kallas,E.G.,Wint,G.W.,Peixoto,P.S.,de Souza Santo,A.,Messina,J.P.,Brady,O.J.,Tatem,A.,Suchard,M.A.,Mendez-Rico,J.,Abreu,A.,Alcantara,L.C.J.,Santana Aguiar,R.,Pybus,O.G.,Baele,G.,Lemey,P.,Iani,F.,Cunha,M.S.,Bispo de Filippis,A.M.,Sabino,E.C.,Faria,N.R.	Hill et al.	Royal Veterinary College, Pathobiology and Population Sciences	https://www.ncbi.nlm.nih.gov/nuccore/ON022635	Clade VI	1	0	97	0	good	good	good	good	good	good	good		T276C,A297T		T525C,A528G,A654G,G660A,G666A	2	0	5	7		0
ON022641	ON022641.1	PNH2576	2017-09-21	South America	Brazil	São Paulo	Braganca Paulista [Ibge7 3507605]	10172	Alouatta	2022-08-28	2022-08-28		Hill,S.C.,Dellicour,S.,Claro,I.M.,Sequeira,P.,Adelino,T.,Theze,J.,Wu,C.-H.,Rebello Moreira,F.R.,Giovanetti,M.,Li,S.,de Jesus,J.G.,Colon-Gonzalez,F.,Chamberlain,H.R.,Pannell,O.,Tejedor-Garavito,N.,Bruycker-Nogueira,F.,Fabri,A.A.,Xavier,J.,Zarebski,A.E.,Hamlet,A.,Mureb Sallum,M.A.,da Costa,A.C.,Manuli,E.,Levin,A.S.,Mucci,L.F.,Tubaki,R.M.,Tironi de Menezes,R.M.,Telles de Deus,J.,Spinola,R.,Saad,L.,Kallas,E.G.,Wint,G.W.,Peixoto,P.S.,de Souza Santo,A.,Messina,J.P.,Brady,O.J.,Tatem,A.,Suchard,M.A.,Mendez-Rico,J.,Abreu,A.,Alcantara,L.C.J.,Santana Aguiar,R.,Pybus,O.G.,Baele,G.,Lemey,P.,Iani,F.,Cunha,M.S.,Bispo de Filippis,A.M.,Sabino,E.C.,Faria,N.R.	Hill et al.	Royal Veterinary College, Pathobiology and Population Sciences	https://www.ncbi.nlm.nih.gov/nuccore/ON022641	Clade VI	1	0	97	0	good	good	good	good	good	good	good		T276C,A297T		T525C,A528G,A654G,G660A,G666A	2	0	5	7		0
ON022665	ON022665.1	PNH2294	2017-11-06	South America	Brazil	São Paulo	Bom Jesus Dos Perdoes [Ibge7 3507100]	10172	Primates	2022-08-28	2022-08-28		Hill,S.C.,Dellicour,S.,Claro,I.M.,Sequeira,P.,Adelino,T.,Theze,J.,Wu,C.-H.,Rebello Moreira,F.R.,Giovanetti,M.,Li,S.,de Jesus,J.G.,Colon-Gonzalez,F.,Chamberlain,H.R.,Pannell,O.,Tejedor-Garavito,N.,Bruycker-Nogueira,F.,Fabri,A.A.,Xavier,J.,Zarebski,A.E.,Hamlet,A.,Mureb Sallum,M.A.,da Costa,A.C.,Manuli,E.,Levin,A.S.,Mucci,L.F.,Tubaki,R.M.,Tironi de Menezes,R.M.,Telles de Deus,J.,Spinola,R.,Saad,L.,Kallas,E.G.,Wint,G.W.,Peixoto,P.S.,de Souza Santo,A.,Messina,J.P.,Brady,O.J.,Tatem,A.,Suchard,M.A.,Mendez-Rico,J.,Abreu,A.,Alcantara,L.C.J.,Santana Aguiar,R.,Pybus,O.G.,Baele,G.,Lemey,P.,Iani,F.,Cunha,M.S.,Bispo de Filippis,A.M.,Sabino,E.C.,Faria,N.R.	Hill et al.	Royal Veterinary College, Pathobiology and Population Sciences	https://www.ncbi.nlm.nih.gov/nuccore/ON022665	Clade VI	1	0	97	0	good	good	good	good	good	good	good		T276C,A297T		T525C,A528G,A654G,G660A,G666A	2	0	5	7		0
ON022708	ON022708.1	PNH1869	2017-08-03	South America	Brazil	São Paulo	Braganca Paulista [Ibge7 3507605]	10172	Alouatta	2022-08-28	2022-08-28		Hill,S.C.,Dellicour,S.,Claro,I.M.,Sequeira,P.,Adelino,T.,Theze,J.,Wu,C.-H.,Rebello Moreira,F.R.,Giovanetti,M.,Li,S.,de Jesus,J.G.,Colon-Gonzalez,F.,Chamberlain,H.R.,Pannell,O.,Tejedor-Garavito,N.,Bruycker-Nogueira,F.,Fabri,A.A.,Xavier,J.,Zarebski,A.E.,Hamlet,A.,Mureb Sallum,M.A.,da Costa,A.C.,Manuli,E.,Levin,A.S.,Mucci,L.F.,Tubaki,R.M.,Tironi de Menezes,R.M.,Telles de Deus,J.,Spinola,R.,Saad,L.,Kallas,E.G.,Wint,G.W.,Peixoto,P.S.,de Souza Santo,A.,Messina,J.P.,Brady,O.J.,Tatem,A.,Suchard,M.A.,Mendez-Rico,J.,Abreu,A.,Alcantara,L.C.J.,Santana Aguiar,R.,Pybus,O.G.,Baele,G.,Lemey,P.,Iani,F.,Cunha,M.S.,Bispo de Filippis,A.M.,Sabino,E.C.,Faria,N.R.	Hill et al.	Royal Veterinary College, Pathobiology and Population Sciences	https://www.ncbi.nlm.nih.gov/nuccore/ON022708	Clade VI	1	0	97	0	good	good	good	good	good	good	good		T276C,A297T		T525C,A528G,A654G,G660A,G666A	2	0	5	7		0
ON022722	ON022722.1	144990_isolado	1993-04-06	South America	Brazil	São Paulo	Campinas [Ibge7 3509502]	10173	Homo sapiens	2022-08-28	2022-08-28		Hill,S.C.,Dellicour,S.,Claro,I.M.,Sequeira,P.,Adelino,T.,Theze,J.,Wu,C.-H.,Rebello Moreira,F.R.,Giovanetti,M.,Li,S.,de Jesus,J.G.,Colon-Gonzalez,F.,Chamberlain,H.R.,Pannell,O.,Tejedor-Garavito,N.,Bruycker-Nogueira,F.,Fabri,A.A.,Xavier,J.,Zarebski,A.E.,Hamlet,A.,Mureb Sallum,M.A.,da Costa,A.C.,Manuli,E.,Levin,A.S.,Mucci,L.F.,Tubaki,R.M.,Tironi de Menezes,R.M.,Telles de Deus,J.,Spinola,R.,Saad,L.,Kallas,E.G.,Wint,G.W.,Peixoto,P.S.,de Souza Santo,A.,Messina,J.P.,Brady,O.J.,Tatem,A.,Suchard,M.A.,Mendez-Rico,J.,Abreu,A.,Alcantara,L.C.J.,Santana Aguiar,R.,Pybus,O.G.,Baele,G.,Lemey,P.,Iani,F.,Cunha,M.S.,Bispo de Filippis,A.M.,Sabino,E.C.,Faria,N.R.	Hill et al.	Royal Veterinary College, Pathobiology and Population Sciences	https://www.ncbi.nlm.nih.gov/nuccore/ON022722	Clade VI	1	0	99	0	good	good	good	good	good	good	good				T231C,A654G,G660A,G666A	0	0	4	4		0
ON022728	ON022728.1	1778/2018	2018-09-02	South America	Brazil	Rj	Teresopolis [Ibge7 3305802]	9884	Homo sapiens	2022-08-28	2022-08-28		Hill,S.C.,Dellicour,S.,Claro,I.M.,Sequeira,P.,Adelino,T.,Theze,J.,Wu,C.-H.,Rebello Moreira,F.R.,Giovanetti,M.,Li,S.,de Jesus,J.G.,Colon-Gonzalez,F.,Chamberlain,H.R.,Pannell,O.,Tejedor-Garavito,N.,Bruycker-Nogueira,F.,Fabri,A.A.,Xavier,J.,Zarebski,A.E.,Hamlet,A.,Mureb Sallum,M.A.,da Costa,A.C.,Manuli,E.,Levin,A.S.,Mucci,L.F.,Tubaki,R.M.,Tironi de Menezes,R.M.,Telles de Deus,J.,Spinola,R.,Saad,L.,Kallas,E.G.,Wint,G.W.,Peixoto,P.S.,de Souza Santo,A.,Messina,J.P.,Brady,O.J.,Tatem,A.,Suchard,M.A.,Mendez-Rico,J.,Abreu,A.,Alcantara,L.C.J.,Santana Aguiar,R.,Pybus,O.G.,Baele,G.,Lemey,P.,Iani,F.,Cunha,M.S.,Bispo de Filippis,A.M.,Sabino,E.C.,Faria,N.R.	Hill et al.	Royal Veterinary College, Pathobiology and Population Sciences	https://www.ncbi.nlm.nih.gov/nuccore/ON022728	Clade VI	1	0	96	0	good	good	good	mediocre	good	good	good		T276C,A297T,T342C		T525C,A528G,A654G,G660A,G666A	3	0	5	8		0
ON022735	ON022735.1	5884/2017	2017-06-06	South America	Brazil	Rj	Guapimirim [Ibge7 3301850]	10172	Callithrix	2022-08-28	2022-08-28		Hill,S.C.,Dellicour,S.,Claro,I.M.,Sequeira,P.,Adelino,T.,Theze,J.,Wu,C.-H.,Rebello Moreira,F.R.,Giovanetti,M.,Li,S.,de Jesus,J.G.,Colon-Gonzalez,F.,Chamberlain,H.R.,Pannell,O.,Tejedor-Garavito,N.,Bruycker-Nogueira,F.,Fabri,A.A.,Xavier,J.,Zarebski,A.E.,Hamlet,A.,Mureb Sallum,M.A.,da Costa,A.C.,Manuli,E.,Levin,A.S.,Mucci,L.F.,Tubaki,R.M.,Tironi de Menezes,R.M.,Telles de Deus,J.,Spinola,R.,Saad,L.,Kallas,E.G.,Wint,G.W.,Peixoto,P.S.,de Souza Santo,A.,Messina,J.P.,Brady,O.J.,Tatem,A.,Suchard,M.A.,Mendez-Rico,J.,Abreu,A.,Alcantara,L.C.J.,Santana Aguiar,R.,Pybus,O.G.,Baele,G.,Lemey,P.,Iani,F.,Cunha,M.S.,Bispo de Filippis,A.M.,Sabino,E.C.,Faria,N.R.	Hill et al.	Royal Veterinary College, Pathobiology and Population Sciences	https://www.ncbi.nlm.nih.gov/nuccore/ON022735	Clade VI	1	0	97	0	good	good	good	good	good	good	good		T276C,A297T		T525C,A528G,A654G,G660A,G666A	2	0	5	7		0
ON323052	ON323052.1	a	2020-12-14	Africa	Nigeria			10751	Homo sapiens	2023-04-29	2023-04-29		Shaibu,J.O.,James,A.B.,Amoo,O.S.,Okwuraiwe,A.P.,Adeogun,A.,Ige,F.,Hudson,R.,Oshinloyal,H.,Ferife,G.,Akinyemi,K.O.,Oyefolu,A.O.,Audu,R.A.	Shaibu et al.	Nigerian Institute of Medical Research, Microbiology	https://www.ncbi.nlm.nih.gov/nuccore/ON323052	Clade V	0.9985119047619048	0	13	1	mediocre	good	good	mediocre	mediocre	good	good		C525T,C531T		T69C,A102G,A243G,C247T,C252T,A288G,C327T,T354C,C494T,G666A	2	0	10	12	243-287:4	4
OP508595	OP508595.1	PR019-2019	2019-04-16	South America	Brazil	Paraná		10085	Alouatta sp.	2023-02-12	2023-02-12		Giovanetti,M.,Fonseca,V.,Lourenco,J.,Xavier,J.,Adelino,T.,Oliveira,C.,Fritsch,H.,Guimaraes,N.,Zanluca,C.,Ribeiro,A.C.,Alcantara,L.C.J.,Nunes,C.D.	Giovanetti et al.	Pan-American Health Organization (PAHO), PAHO Health Emergency (PHE)	https://www.ncbi.nlm.nih.gov/nuccore/OP508595	Clade VI	0.53125	315	48	0	bad	bad	good	good	good	good	good		C441T		T525C,A528G	1	0	2	3		0
OP508605	OP508605.1	PR037-2019	2019-12-03	South America	Brazil	Paraná		9955	Alouatta sp.	2023-02-12	2023-02-12		Giovanetti,M.,Fonseca,V.,Lourenco,J.,Xavier,J.,Adelino,T.,Oliveira,C.,Fritsch,H.,Guimaraes,N.,Zanluca,C.,Ribeiro,A.C.,Alcantara,L.C.J.,Nunes,C.D.	Giovanetti et al.	Pan-American Health Organization (PAHO), PAHO Health Emergency (PHE)	https://www.ncbi.nlm.nih.gov/nuccore/OP508605	Clade VI	0.7455357142857143	171	75	0	bad	bad	good	good	good	good	good		T276C,A297T		T525C,A528G	2	0	2	4		0
OP508624	OP508624.1	PR083-2020	2020-03-03	South America	Brazil	Santa Catarina		10077	Alouatta sp.	2023-02-12	2023-02-12		Giovanetti,M.,Fonseca,V.,Lourenco,J.,Xavier,J.,Adelino,T.,Oliveira,C.,Fritsch,H.,Guimaraes,N.,Zanluca,C.,Ribeiro,A.C.,Alcantara,L.C.J.,Nunes,C.D.	Giovanetti et al.	Pan-American Health Organization (PAHO), PAHO Health Emergency (PHE)	https://www.ncbi.nlm.nih.gov/nuccore/OP508624	Clade VI	0.5431547619047619	307	53	0	bad	bad	good	good	good	good	good		A297T		T525C,A528G,A654G,G660A,G666A	1	0	5	6		0
OP508635	OP508635.1	PR106-2020	2020-04-09	South America	Brazil	Paraná		10087	Alouatta sp.	2023-02-12	2023-02-12		Giovanetti,M.,Fonseca,V.,Lourenco,J.,Xavier,J.,Adelino,T.,Oliveira,C.,Fritsch,H.,Guimaraes,N.,Zanluca,C.,Ribeiro,A.C.,Alcantara,L.C.J.,Nunes,C.D.	Giovanetti et al.	Pan-American Health Organization (PAHO), PAHO Health Emergency (PHE)	https://www.ncbi.nlm.nih.gov/nuccore/OP508635	Clade VI	0.8630952380952381	92	83	0	bad	bad	good	good	good	good	good		A297T		C405T,T525C,A528G,A654G,G660A,G666A	1	0	6	7		0
OP508641	OP508641.1	PR115-2020	2020-08-14	South America	Brazil	Paraná		10087	Alouatta sp.	2023-02-12	2023-02-12		Giovanetti,M.,Fonseca,V.,Lourenco,J.,Xavier,J.,Adelino,T.,Oliveira,C.,Fritsch,H.,Guimaraes,N.,Zanluca,C.,Ribeiro,A.C.,Alcantara,L.C.J.,Nunes,C.D.	Giovanetti et al.	Pan-American Health Organization (PAHO), PAHO Health Emergency (PHE)	https://www.ncbi.nlm.nih.gov/nuccore/OP508641	Clade VI	0.5669642857142857	291	52	0	bad	bad	good	good	good	mediocre	good	E:82-113	A297T,C441T		T525C,A528G	2	0	2	4		0
OP508650	OP508650.1	PR128-2021	2021-01-19	South America	Brazil	Santa Catarina		9991	Alouatta sp.	2023-02-12	2023-02-12		Giovanetti,M.,Fonseca,V.,Lourenco,J.,Xavier,J.,Adelino,T.,Oliveira,C.,Fritsch,H.,Guimaraes,N.,Zanluca,C.,Ribeiro,A.C.,Alcantara,L.C.J.,Nunes,C.D.	Giovanetti et al.	Pan-American Health Organization (PAHO), PAHO Health Emergency (PHE)	https://www.ncbi.nlm.nih.gov/nuccore/OP508650	Clade VI	1	0	98	0	good	good	good	mediocre	good	good	good		T276C,A297T		T492C,T525C,A528G,A654G,G660A,G666A	2	0	6	8		0
OP508663	OP508663.1	PR144-2021	2021-02-22	South America	Brazil	Rio Grande do Sul		10144	Alouatta sp.	2023-02-12	2023-02-12		Giovanetti,M.,Fonseca,V.,Lourenco,J.,Xavier,J.,Adelino,T.,Oliveira,C.,Fritsch,H.,Guimaraes,N.,Zanluca,C.,Ribeiro,A.C.,Alcantara,L.C.J.,Nunes,C.D.	Giovanetti et al.	Pan-American Health Organization (PAHO), PAHO Health Emergency (PHE)	https://www.ncbi.nlm.nih.gov/nuccore/OP508663	Clade VI	0.8556547619047619	97	84	0	bad	bad	good	mediocre	good	good	good		A297T		C405T,G447A,T525C,A528G,A654G,G660A,G666A	1	0	7	8		0
OQ675592	OQ675592.1	PNH_6392	2023-02-24	South America	Brazil	Sao Paulo	Aguas Da Prata	10859	Callicebus nigrifrons	2023-07-19	2023-07-19		Sacchi,C.T.,Campos,K.R.,Santos,M.B.N.,da Silva Nogueira,J.	Sacchi et al.	Instituto Adolfo Lutz, Strategic Laboratory	https://www.ncbi.nlm.nih.gov/nuccore/OQ675592	Clade VI	1	0	96	0	good	good	good	mediocre	good	good	good		C183T,T276C,A297T,A570G		A159G,T525C,A528G,A654G,G660A,G666A	4	0	6	10		0
OR052147	OR052147.1	hYFV/Brazil/SP-IAL-810/2023	2023-04-28	South America	Brazil	Sao Paulo	Sao Joao Da Boa Vista	10760	Homo sapiens	2023-07-19	2023-07-19		Sacchi,C.T.,Campos,K.R.,Santos,M.B.N.,Nogueira,J.S.	Sacchi et al.	Instituto Adolfo Lutz, Strategic Laboratory	https://www.ncbi.nlm.nih.gov/nuccore/OR052147	Clade VI	1	0	95	0	mediocre	good	good	mediocre	good	good	good		C183T,T276C,A297T,A306G,A570G		A159G,T525C,A528G,A654G,G660A,G666A	5	0	6	11		0
OR542560	OR542560.1	YFV|64148|FRA|2022-09-19	2022-09-19	Europe	France			8314	Homo sapiens	2024-03-18	2024-03-18		Eldin,C.,Le Hir,A.,Keller,G.,Malvy,D.,Marquine,S.,Klitting,R.,Piorkowski,G.,Gueulen,M.,Canivez,T.,Durand,G.,Grard,G.,de Lamballerie,X.,Amaral,R.	Eldin et al.	Unite des Virus Emergents, Centre National de Reference des Arbovirus	https://www.ncbi.nlm.nih.gov/nuccore/OR542560																						
OR700703	OR700703.1	yfv/NSW/1-17D/2023	2023-08-XX	Oceania	Australia	Nsw		168	Homo sapiens	2023-11-08	2023-11-08		Aziz,A.,Savic,I.,Caly,L.	Aziz et al.	Melbourne Health, VIDRL	https://www.ncbi.nlm.nih.gov/nuccore/OR700703																						
PP477075	PP477075.1	LET-1450	2023-04-11	South America	Colombia			10654	Homo sapiens	2024-09-23	2024-09-23		Perez-Restrepo,L.S.,Ciuoderis,K.,Usuga,J.,Moreno,I.,Vargas,V.,Arevalo-Arbelaez,A.J.,Alvarez,C.,Gonzalez-Ramirez,M.,Hernandez-Ortiz,J.P.,Osorio,J.E.,Perez,L.J.,Berg,M.G.,Cloherty,G.A.	Perez-Restrepo et al.	Universidad Nacional de Colombia, Laboratorio Genomico One Health	https://www.ncbi.nlm.nih.gov/nuccore/PP477075	Clade VII	1	0	101	0	bad	good	good	bad	mediocre	good	good		C27T,G162A,T252C,T261C,T309C,C543T,T577C,C627T		T18C,A159G,A264G,T426A,C444T,T513C,T534G,C591T,A630G,C645T,G660A,G666A	8	0	12	20	627-665:5	5
PP869888	PP869888.1	807033743	2024-02-XX	South America	Colombia			10003	Homo sapiens	2024-06-23	2024-06-23		Pardo,L.C.,Carreno,M.F.,Porras,M.A.,Rodriguez-Paz,A.M.,Gomez,S.Y.,Ruiz-Moreno,H.A.,Rosales,A.,Alvarez,D.A.,Franco,C.E.,Laiton-Donato,K.D.	Pardo et al.	Instituto Nacional de Salud, Direccion de Investigacion en Salud Publica	https://www.ncbi.nlm.nih.gov/nuccore/PP869888	Clade VI	0.6205357142857143	255	61	0	bad	bad	good	good	good	good	good				C466T,T525C,A528G,A654G,G660A,G666A	0	0	6	6		0
PP938639	PP938639.1	D301	2023-06-26	South America	Brazil			428	Culex	2024-07-06	2024-07-06		Machado,S.L.,Alencar,J.A.F.,Alves,D.C.V.	Machado et al.	Universidade Federal do Rio de Janeiro, Analises Clinicas e Toxicologicas	https://www.ncbi.nlm.nih.gov/nuccore/PP938639																						
PP938641	PP938641.1	D235	2023-06-28	South America	Brazil			206	Ochlerotatus argyrothorax	2024-07-06	2024-07-06		Machado,S.L.,Alencar,J.A.F.,Alves,D.C.V.	Machado et al.	Universidade Federal do Rio de Janeiro, Analises Clinicas e Toxicologicas	https://www.ncbi.nlm.nih.gov/nuccore/PP938641																						
PQ186343	PQ186343.1	BE H 603325	1998-04-16	South America	Brazil			11008	Homo sapiens	2025-08-01	2025-08-01		Zhang,J.,Chavez,E.,Lin,A.E.,Wang,D.,Winkler,M.,Tamura,T.,Carver,S.,Biswas,A.,Adamson,B.,Kleiner,R.,Burwitz,B.,Crossland,N.,Douam,F.,Ploss,A.	Zhang et al.	Princeton University, Department of Molecular Biology	https://www.ncbi.nlm.nih.gov/nuccore/PQ186343	Clade VI	1	0	98	0	mediocre	good	good	good	mediocre	good	good				C309T,C405T,A528G,T633G,A654G,G660A,G666A	0	0	7	7	633-665:4	4
PQ186344	PQ186344.1	BE H 203410	1971-05-20	South America	Brazil			11004	Homo sapiens	2025-08-01	2025-08-01		Zhang,J.,Chavez,E.,Lin,A.E.,Wang,D.,Winkler,M.,Tamura,T.,Carver,S.,Biswas,A.,Adamson,B.,Kleiner,R.,Burwitz,B.,Crossland,N.,Douam,F.,Ploss,A.	Zhang et al.	Princeton University, Department of Molecular Biology	https://www.ncbi.nlm.nih.gov/nuccore/PQ186344	Clade VI	1	0	95	0	good	good	good	good	good	good	good				C426T,A654G,G660A,G666A	0	0	4	4		0
PQ186345	PQ186345.1	BE H 394880	1981-05-07	South America	Brazil			11008	Homo sapiens	2025-08-01	2025-08-01		Zhang,J.,Chavez,E.,Lin,A.E.,Wang,D.,Winkler,M.,Tamura,T.,Carver,S.,Biswas,A.,Adamson,B.,Kleiner,R.,Burwitz,B.,Crossland,N.,Douam,F.,Ploss,A.	Zhang et al.	Princeton University, Department of Molecular Biology	https://www.ncbi.nlm.nih.gov/nuccore/PQ186345	Clade VI	1	0	94	0	good	good	good	mediocre	good	good	good		T247C,T342C,A411G,C441T,C543T		T546C,A615G,A654G,G660A,G666A	5	0	5	10		0
PQ186349	PQ186349.1	FVB0196	2006-02-18	South America	Bolivia			10795	Homo sapiens	2025-08-01	2025-08-01		Zhang,J.,Chavez,E.,Lin,A.E.,Wang,D.,Winkler,M.,Tamura,T.,Carver,S.,Biswas,A.,Adamson,B.,Kleiner,R.,Burwitz,B.,Crossland,N.,Douam,F.,Ploss,A.	Zhang et al.	Princeton University, Department of Molecular Biology	https://www.ncbi.nlm.nih.gov/nuccore/PQ186349	Clade VII	1	0	104	0	bad	good	good	mediocre	mediocre	good	good		C27T,T78C,T261C,A306G,T357C		C83T,T138C,T231C,C330T,T390C,C574T,A654G,G660A,G666A,C669T	5	0	10	15	654-668:4	4
PQ186350	PQ186350.1	HEB 4240	1995-01-30	South America	Peru			10795	Homo sapiens	2025-08-01	2025-08-01		Zhang,J.,Chavez,E.,Lin,A.E.,Wang,D.,Winkler,M.,Tamura,T.,Carver,S.,Biswas,A.,Adamson,B.,Kleiner,R.,Burwitz,B.,Crossland,N.,Douam,F.,Ploss,A.	Zhang et al.	Princeton University, Department of Molecular Biology	https://www.ncbi.nlm.nih.gov/nuccore/PQ186350	Clade VII	1	0	101	0	good	good	good	good	good	good	good				A654G,G660A,G666A	0	0	3	3		0
PQ186357	PQ186357.1	SH 38577	1983-11-XX	Africa	Burkina Faso			10862	Homo sapiens	2025-08-01	2025-08-01		Zhang,J.,Chavez,E.,Lin,A.E.,Wang,D.,Winkler,M.,Tamura,T.,Carver,S.,Biswas,A.,Adamson,B.,Kleiner,R.,Burwitz,B.,Crossland,N.,Douam,F.,Ploss,A.	Zhang et al.	Princeton University, Department of Molecular Biology	https://www.ncbi.nlm.nih.gov/nuccore/PQ186357	Clade IV	1	0	59	0	good	good	good	good	good	good	good		T528C,T576C			2	0	0	2		0
PQ276812	PQ276812.1	C3354	2022-05-26	South America	Brazil	Amazonas BR	Manaus (Amazonas BR)	485	Haemagogus	2024-09-15	2024-09-15		Bernardi,V.,Sacchetto,L.,Hendy,A.,Fe,N.,Teixeira,I.,Marques,B.,Hanley,K.,Mourao,M.P.G.,Lacerda,M.V.G.,Vasilakis,N.,Nogueira,M.L.	Bernardi et al.	Faculdade de Medicina de Sao Jose do Rio Preto, Departamento de Doencas Dermatologicas, Infecciosas e Parasitarias	https://www.ncbi.nlm.nih.gov/nuccore/PQ276812																						
PV454340	PV454340.1	YFV/LEIAL4700/BRA/2025	2025-03-19	South America	Brazil	Sao Paulo	Mairipora	10833	Sapajus sp.	2025-04-14	2025-04-14		Sacchi,C.T.,Campos,K.R.,Cunha,M.S.	Sacchi et al.	Instituto Adolfo Lutz, Strategic Laboratory	https://www.ncbi.nlm.nih.gov/nuccore/PV454340	Clade VI	1	0	96	0	good	good	good	mediocre	good	good	good		C183T,T276C,A297T,A570G		A159G,T525C,A528G,A654G,G660A,G666A	4	0	6	10		0
PV563871	PV563871.1	YFV/LEIAL5025/BRA/2025	2025-01-09	South America	Brazil	Sao Paulo	Ribeirao Preto	10837	Aedes albopictus	2025-04-29	2025-04-29		Sacchi,C.T.,Campos,K.R.,Cunha,M.S.,Kirchgatter,K.,Deus,J.T.	Sacchi et al.	Instituto Adolfo Lutz, Strategic Laboratory	https://www.ncbi.nlm.nih.gov/nuccore/PV563871	Clade VI	1	0	98	0	good	good	good	mediocre	good	good	good		C183T,T276C,A297T		A159G,A274G,T525C,A528G,A654G,G660A,G666A	3	0	7	10		0
PV710588	PV710588.1	UWARN_YFPNHVMG_391_24FA	2024-05-13	South America	Brazil	Santa Rita de Caldas	Minas Gerais	10203	Primates	2025-06-14	2025-06-14		das Gracas Dantas Andrade,V.,Ribeiro Adelino,T.E.,Fonseca,V.,Moreno,K.,La-Roque,D.,Augusto Pereira,L.,Campos de Melo Iani,F.,Goncalves Penante,S.,Moreira da Silva Chagas,S.,de Lima Furtado,K.C.,Simoes Jorge Junior,A.,Ribeiro Tome,L.M.,Rocha Guimaraes,N.,Oliveira Lamounier,L.,Giovanetti,M.,Alcantara,L.	das Gracas Dantas Andrade et al.	Universidade do Estado da Bahia, DCET-1	https://www.ncbi.nlm.nih.gov/nuccore/PV710588	Clade VI	1	0	95	0	mediocre	good	good	mediocre	good	good	good		C183T,G237A,T276C,A297T,A570G		A159G,T525C,A528G,A654G,G660A,G666A	5	0	6	11		0
PV710604	PV710604.1	UWARN_YFVHUMLPA_030_25FA	2025-03-10	South America	Brazil	Breves	Para	10294	Homo sapiens	2025-06-14	2025-06-14		das Gracas Dantas Andrade,V.,Ribeiro Adelino,T.E.,Fonseca,V.,Moreno,K.,La-Roque,D.,Augusto Pereira,L.,Campos de Melo Iani,F.,Goncalves Penante,S.,Moreira da Silva Chagas,S.,de Lima Furtado,K.C.,Simoes Jorge Junior,A.,Ribeiro Tome,L.M.,Rocha Guimaraes,N.,Oliveira Lamounier,L.,Giovanetti,M.,Alcantara,L.	das Gracas Dantas Andrade et al.	Universidade do Estado da Bahia, DCET-1	https://www.ncbi.nlm.nih.gov/nuccore/PV710604	Clade VI	1	0	97	0	mediocre	good	good	mediocre	mediocre	good	good		C246T,T276C,T342C,C543T		T129C,A297C,T525C,A528G,C555T,A654G,G660A,G666A	4	0	8	12	525-554:4	4
