clade	gene	site	alt
Clade I	nuc	111	G
Clade I	nuc	219	T
Clade I	nuc	240	C
Clade I	nuc	246	A
Clade I	nuc	252	A
Clade I	nuc	255	A
Clade I	nuc	291	G
Clade I	nuc	294	A
Clade I	nuc	300	A
Clade I	nuc	315	G
Clade I	nuc	327	G
Clade I	nuc	372	A
Clade I	nuc	420	A
Clade I	nuc	432	A
Clade I	nuc	453	T
Clade I	nuc	492	G
Clade I	nuc	651	T
Clade I	nuc	72	A
Clade I	nuc	81	G
Clade I	nuc	88	C
Clade I	nuc	90	A
Clade I	nuc	99	T
Clade II	nuc	171	G
Clade II	nuc	438	G
Clade II	nuc	45	A
Clade II	nuc	468	T
Clade III	nuc	228	G
Clade VI	nuc	219	A
Clade VI	nuc	532	A
Clade VII	nuc	114	C
Clade VII	nuc	193	T
Clade VII	nuc	249	A
Clade VII	nuc	639	G
Clade IV	nuc	183	G
Clade IV	nuc	255	C
Clade V	nuc	270	A
Clade V	nuc	321	T
Clade V	nuc	477 	A
Clade V	nuc	93	T
